<?xml version='1.0' encoding='utf-8'?>
<!DOCTYPE hibernate-configuration PUBLIC
        "-//Hibernate/Hibernate Configuration DTD 3.0//EN"
        "http://www.hibernate.org/dtd/hibernate-configuration-3.0.dtd">
<hibernate-configuration>        
  <session-factory>
    <property name="hibernate.dialect">org.hibernate.dialect.OracleDialect</property>
    <property name="show_sql">true</property>
    <property name="hibernate.connection.pool_size">1</property>
    <property name="cache.provider_class">org.hibernate.cache.NoCacheProvider</property>
    <property name="hbm2ddl.auto">update</property>

    <mapping class="com.myspr.demo.model.Faculty"/>

  </session-factory>
</hibernate-configuration>